date,close
2007/1/4,1967.62
2007/1/5,1983.6
2007/1/8,2047.57
2007/1/9,2108.52
2007/1/10,2162.33
2007/1/11,2147.12
2007/1/12,2086.5
2007/1/15,2197.14
2007/1/16,2263.73
2007/1/17,2225.5
2007/1/18,2244.06
2007/1/19,2321.36
2007/1/22,2417.01
2007/1/23,2430.22
2007/1/24,2456.74
2007/1/25,2367.27
2007/1/26,2415.02
2007/1/29,2481.14
2007/1/30,2461.32
2007/1/31,2309.14
2007/2/1,2322.05
2007/2/2,2240.11
2007/2/5,2226.79
2007/2/6,2271.17
2007/2/7,2321.07
2007/2/8,2361.53
2007/2/9,2353.79
2007/2/12,2432.79
2007/2/13,2471.23
2007/2/14,2533.05
2007/2/15,2611.84
2007/2/16,2625.09
2007/2/26,2673.16
2007/2/27,2428.06
2007/2/28,2519.74
2007/3/1,2453.43
2007/3/2,2490.61
2007/3/5,2467.99
2007/3/6,2502.27
2007/3/7,2569.82
2007/3/8,2611.76
2007/3/9,2600.46
2007/3/12,2618.58
2007/3/13,2644.15
2007/3/14,2607.61
2007/3/15,2656.46
2007/3/16,2613.28
2007/3/19,2664.51
2007/3/20,2689.09
2007/3/21,2723.28
2007/3/22,2730.32
2007/3/23,2743.1
2007/3/26,2801.23
2007/3/27,2828.61
2007/3/28,2830.08
2007/3/29,2792.34
2007/3/30,2798.94
2007/4/2,2866.62
2007/4/3,2907.06
2007/4/4,2933.77
2007/4/5,2971.98
2007/4/6,3004.38
2007/4/9,3067.96
2007/4/10,3105.6
2007/4/11,3147.17
2007/4/12,3207.5
2007/4/13,3195.01
2007/4/16,3284.33
2007/4/17,3329.67
2007/4/18,3367.85
2007/4/19,3200.01
2007/4/20,3347.79
2007/4/23,3495.23
2007/4/24,3515.2
2007/4/25,3513.5
2007/4/26,3559.23
2007/4/27,3540.14
2007/4/30,3620.35
2007/5/8,3761.53
2007/5/9,3774.91
2007/5/10,3799.39
2007/5/11,3778.42
2007/5/14,3808.25
2007/5/15,3677.98
2007/5/16,3778.79
2007/5/17,3862.79
2007/5/18,3864.52
2007/5/21,3936.93
2007/5/22,3989.42
2007/5/23,4070.52
2007/5/24,4053.53
2007/5/25,4121.69
2007/5/28,4214.41
2007/5/29,4308.66
2007/5/30,4000.71
2007/5/31,3986.66
2007/6/1,3819.3
2007/6/4,3516.65
2007/6/5,3619.45
2007/6/6,3670.32
2007/6/7,3812.34
2007/6/8,3855.03
2007/6/11,3950.32
2007/6/12,4056.27
2007/6/13,4155.25
2007/6/14,4108.7
2007/6/15,4127.55
2007/6/18,4253.65
2007/6/19,4294.45
2007/6/20,4190.59
2007/6/21,4215.28
2007/6/22,4044.92
2007/6/25,3848.69
2007/6/26,3905.3
2007/6/27,4012.45
2007/6/28,3811.87
2007/6/29,3699.34
2007/7/2,3708.31
2007/7/3,3779
2007/7/4,3692.41
2007/7/5,3479.05
2007/7/6,3659.82
2007/7/9,3772.34
2007/7/10,3712.92
2007/7/11,3734.78
2007/7/12,3759.51
2007/7/13,3758.34
2007/7/16,3636.55
2007/7/17,3724.53
2007/7/18,3741.42
2007/7/19,3744.73
2007/7/20,3904.75
2007/7/23,4091.11
2007/7/24,4096.56
2007/7/25,4194.73
2007/7/26,4250.72
2007/7/27,4272.31
2007/7/30,4370.17
2007/7/31,4420.19
2007/8/1,4234.14
2007/8/2,4386
2007/8/3,4525.85
2007/8/6,4628.63
2007/8/7,4636.22
2007/8/8,4575.81
2007/8/9,4669.65
2007/8/10,4609.33
2007/8/13,4600.7
2007/8/14,4682.14
2007/8/15,4679.1
2007/8/16,4626.73
2007/8/17,4542.97
2007/8/20,4781.82
2007/8/21,4860.99
2007/8/22,4935.02
2007/8/23,5010.49
2007/8/24,5074.76
2007/8/27,5089.93
2007/8/28,5097.72
2007/8/29,5030.28
2007/8/30,5116.21
2007/8/31,5171.07
2007/9/3,5290.07
2007/9/4,5238.67
2007/9/5,5247.88
2007/9/6,5297.74
2007/9/7,5179.16
2007/9/10,5265.05
2007/9/11,4997.92
2007/9/12,5070.11
2007/9/13,5205.85
2007/9/14,5256.72
2007/9/17,5359.85
2007/9/18,5354.24
2007/9/19,5294.82
2007/9/20,5364.07
2007/9/21,5332.01
2007/9/24,5372.92
2007/9/25,5318.09
2007/9/26,5228.1
2007/9/27,5288.21
2007/9/28,5430.64
2007/10/8,5486.94
2007/10/9,5516.64
2007/10/10,5516.56
2007/10/11,5549.39
2007/10/12,5505.64
2007/10/15,5569.75
2007/10/16,5624.46
2007/10/17,5580.48
2007/10/18,5394.54
2007/10/19,5393.13
2007/10/22,5256.32
2007/10/23,5308.39
2007/10/24,5324.96
2007/10/25,5052.57
2007/10/26,5094.77
2007/10/29,5195.68
2007/10/30,5285.19
2007/10/31,5391.91
2007/11/1,5301.56
2007/11/2,5177.11
2007/11/5,5096.9
2007/11/6,5070.98
2007/11/7,5094.6
2007/11/8,4856.55
2007/11/9,4804.02
2007/11/12,4743.94
2007/11/13,4717.24
2007/11/14,4909.65
2007/11/15,4847.94
2007/11/16,4792.52
2007/11/19,4802.79
2007/11/20,4873.52
2007/11/21,4804.23
2007/11/22,4587.69
2007/11/23,4669.86
2007/11/26,4617.29
2007/11/27,4539.06
2007/11/28,4483.99
2007/11/29,4657.04
2007/11/30,4562.4
2007/12/3,4599.91
2007/12/4,4648.93
2007/12/5,4772.06
2007/12/6,4779.89
2007/12/7,4849.72
2007/12/10,4947.39
2007/12/11,4963.34
2007/12/12,4916.81
2007/12/13,4736.43
2007/12/14,4829.69
2007/12/17,4737.63
2007/12/18,4708.18
2007/12/19,4819.51
2007/12/20,4902.11
2007/12/21,4967.33
2007/12/24,5066.51
2007/12/25,5083.08
2007/12/26,5141.34
2007/12/27,5231.87
2007/12/28,5205.74
2008/1/2,5278.92
2008/1/3,5329.96
2008/1/4,5380.78
2008/1/7,5459.6
2008/1/8,5406.77
2008/1/9,5505.88
2008/1/10,5557.09
2008/1/11,5577.2
2008/1/14,5616.75
2008/1/15,5597.5
2008/1/16,5432.36
2008/1/17,5293.28
2008/1/18,5341.16
2008/1/21,5084.98
2008/1/22,4688.1
2008/1/23,4913.08
2008/1/24,4988.54
2008/1/25,5031.21
2008/1/28,4686.91
2008/1/29,4731.1
2008/1/30,4692.88
2008/1/31,4583.53
2008/2/1,4501.31
2008/2/4,4872.52
2008/2/5,4854.67
2008/2/13,4767.39
2008/2/14,4837.98
2008/2/15,4780.94
2008/2/18,4890.52
2008/2/19,4994.95
2008/2/20,4898.79
2008/2/21,4887.4
2008/2/22,4726.05
2008/2/25,4550.38
2008/2/26,4546.91
2008/2/27,4666.5
2008/2/28,4655.41
2008/2/29,4710.78
2008/3/3,4837.49
2008/3/4,4737.37
2008/3/5,4709.24
2008/3/6,4754.87
2008/3/7,4682.51
2008/3/10,4499.18
2008/3/11,4521.21
2008/3/12,4390.25
2008/3/13,4263.02
2008/3/14,4225.52
2008/3/17,3998.72
2008/3/18,3774.53
2008/3/19,3912.31
2008/3/20,4036.77
2008/3/21,4077.19
2008/3/24,3917.61
2008/3/25,3966.69
2008/3/26,3970.03
2008/3/27,3791.77
2008/3/28,3949.03
2008/3/31,3807.59
2008/4/1,3573.4
2008/4/2,3502.33
2008/4/3,3600.9
2008/4/7,3802.4
2008/4/8,3856.09
2008/4/9,3652.9
2008/4/10,3727.81
2008/4/11,3763
2008/4/14,3516.39
2008/4/15,3577.8
2008/4/16,3489.34
2008/4/17,3379.92
2008/4/18,3254.09
2008/4/21,3245.13
2008/4/22,3256.98
2008/4/23,3409.83
2008/4/24,3725.79
2008/4/25,3755.09
2008/4/28,3692.09
2008/4/29,3735.56
2008/4/30,3907.6
2008/5/5,4012
2008/5/6,3973.97
2008/5/7,3789.48
2008/5/8,3898.92
2008/5/9,3863.43
2008/5/12,3901.45
2008/5/13,3862.33
2008/5/14,3977.75
2008/5/15,3948.28
2008/5/16,3926.21
2008/5/19,3908.73
2008/5/20,3696.1
2008/5/21,3772.49
2008/5/22,3709.01
2008/5/23,3671.87
2008/5/26,3560.33
2008/5/27,3576.67
2008/5/28,3676.51
2008/5/29,3581.51
2008/5/30,3606.5
2008/6/2,3624.73
2008/6/3,3611.98
2008/6/4,3545.49
2008/6/5,3508.52
2008/6/6,3485.04
2008/6/10,3197.55
2008/6/11,3127.73
2008/6/12,3078.28
2008/6/13,2963.7
2008/6/16,2928.39
2008/6/17,2803.34
2008/6/18,2953.03
2008/6/19,2730.36
2008/6/20,2802.93
2008/6/23,2746.69
2008/6/24,2813.83
2008/6/25,2939.44
2008/6/26,2956.09
2008/6/27,2782.99
2008/6/30,2768.77
2008/7/1,2685.27
2008/7/2,2695.58
2008/7/3,2769.98
2008/7/4,2755.11
2008/7/7,2897.23
2008/7/8,2921.86
2008/7/9,3028.07
2008/7/10,2980.56
2008/7/11,2960.63
2008/7/14,2991.53
2008/7/15,2876.09
2008/7/16,2759.57
2008/7/17,2731.78
2008/7/18,2828.22
2008/7/21,2928.55
2008/7/22,2925.71
2008/7/23,2903.3
2008/7/24,2993.18
2008/7/25,2957.34
2008/7/28,2983.23
2008/7/29,2926.4
2008/7/30,2906.18
2008/7/31,2820.42
2008/8/1,2857.88
2008/8/4,2789.69
2008/8/5,2715.79
2008/8/6,2731.76
2008/8/7,2734.73
2008/8/8,2590.26
2008/8/11,2443.04
2008/8/12,2425.95
2008/8/13,2426.13
2008/8/14,2427.53
2008/8/15,2428.74
2008/8/18,2285.69
2008/8/19,2320.95
2008/8/20,2505.47
2008/8/21,2417.25
2008/8/22,2376.66
2008/8/25,2371.49
2008/8/26,2291.01
2008/8/27,2284.65
2008/8/28,2292.77
2008/8/29,2350.94
2008/9/1,2271.99
2008/9/2,2256.45
2008/9/3,2222.04
2008/9/4,2229.64
2008/9/5,2154.86
2008/9/8,2088
2008/9/9,2101.52
2008/9/10,2107.78
2008/9/11,2044.01
2008/9/12,2049.41
2008/9/16,1979.45
2008/9/17,1915.54
2008/9/18,1877.95
2008/9/19,2055.42
2008/9/22,2180.8
2008/9/23,2086.07
2008/9/24,2107.56
2008/9/25,2184.29
2008/9/26,2199.72
2008/10/6,2092.58
2008/10/7,2070.32
2008/10/8,1997.41
2008/10/9,1970.46
2008/10/10,1874.07
2008/10/13,1943.11
2008/10/14,1891.58
2008/10/15,1873.69
2008/10/16,1779.38
2008/10/17,1793.54
2008/10/20,1855.71
2008/10/21,1842.85
2008/10/22,1798.13
2008/10/23,1802.88
2008/10/24,1755.84
2008/10/27,1628.24
2008/10/28,1676.08
2008/10/29,1625.4
2008/10/30,1659.15
2008/10/31,1626.67
2008/11/3,1614.19
2008/11/4,1588.56
2008/11/5,1648.8
2008/11/6,1610.58
2008/11/7,1637.66
2008/11/10,1758.5
2008/11/11,1739.79
2008/11/12,1764.28
2008/11/13,1837.45
2008/11/14,1909.05
2008/11/17,1961.91
2008/11/18,1816.9
2008/11/19,1932.1
2008/11/20,1916.65
2008/11/21,1901.84
2008/11/24,1820.46
2008/11/25,1814.84
2008/11/26,1823.54
2008/11/27,1850.2
2008/11/28,1814.2
2008/12/1,1856.99
2008/12/2,1868.14
2008/12/3,1951.06
2008/12/4,1974.46
2008/12/5,2010.61
2008/12/8,2093.69
2008/12/9,2039.68
2008/12/10,2095.81
2008/12/11,2042.51
2008/12/12,1955.53
2008/12/15,1975.37
2008/12/16,1998.19
2008/12/17,2008.95
2008/12/18,2051.27
2008/12/19,2060.76
2008/12/22,2033.2
2008/12/23,1927.44
2008/12/24,1893.34
2008/12/25,1879.14
2008/12/26,1868.33
2008/12/29,1862.74
2008/12/30,1843.25
2008/12/31,1824.4
2009/1/5,1892.05
2009/1/6,1953.61
2009/1/7,1946.88
2009/1/8,1902.26
2009/1/9,1937.21
2009/1/12,1944.89
2009/1/13,1898.54
2009/1/14,1976.74
2009/1/15,1980.5
2009/1/16,2011.5
2009/1/19,2028.69
2009/1/20,2043.1
2009/1/21,2040.86
2009/1/22,2066.57
2009/1/23,2053.57
2009/2/2,2086.3
2009/2/3,2139.8
2009/2/4,2196.14
2009/2/5,2176.26
2009/2/6,2266.15
2009/2/9,2330.04
2009/2/10,2368.35
2009/2/11,2372.78
2009/2/12,2372.24
2009/2/13,2455.38
2009/2/16,2515.31
2009/2/17,2431.54
2009/2/18,2323.83
2009/2/19,2352.39
2009/2/20,2406.31
2009/2/23,2477.4
2009/2/24,2368.05
2009/2/25,2373.23
2009/2/26,2243.62
2009/2/27,2174.13
2009/3/2,2205.38
2009/3/3,2191.5
2009/3/4,2334.83
2009/3/5,2354.5
2009/3/6,2336.37
2009/3/9,2246.63
2009/3/10,2289.79
2009/3/11,2270.81
2009/3/12,2268.98
2009/3/13,2255.45
2009/3/16,2290.77
2009/3/17,2373.86
2009/3/18,2388.79
2009/3/19,2440.7
2009/3/20,2436
2009/3/23,2495.05
2009/3/24,2509.07
2009/3/25,2453.43
2009/3/26,2529.09
2009/3/27,2549.09
2009/3/30,2538.61
2009/3/31,2563.17
2009/4/1,2604.83
2009/4/2,2627.85
2009/4/3,2617.06
2009/4/7,2628.83
2009/4/8,2531.4
2009/4/9,2571.21
2009/4/10,2651.54
2009/4/13,2708.1
2009/4/14,2733.82
2009/4/15,2750.48
2009/4/16,2753.56
2009/4/17,2716.82
2009/4/20,2778.98
2009/4/21,2753.14
2009/4/22,2642.64
2009/4/23,2659.72
2009/4/24,2638.8
2009/4/27,2567.93
2009/4/28,2580.6
2009/4/29,2665.32
2009/4/30,2688.26
2009/5/4,2781.23
2009/5/5,2797.25
2009/5/6,2836.03
2009/5/7,2833.44
2009/5/8,2853.98
2009/5/11,2779.21
2009/5/12,2844.65
2009/5/13,2869.19
2009/5/14,2854.54
2009/5/15,2862.03
2009/5/18,2878.38
2009/5/19,2907.69
2009/5/20,2882.3
2009/5/21,2820.79
2009/5/22,2814.72
2009/5/25,2827.6
2009/5/26,2802
2009/5/27,2834.19
2009/6/1,2923.53
2009/6/2,2933.1
2009/6/3,2997.36
2009/6/4,3007.96
2009/6/5,2992.55
2009/6/8,2998.78
2009/6/9,3011.64
2009/6/10,3041.81
2009/6/11,3015.62
2009/6/12,2957.28
2009/6/15,3014.14
2009/6/16,3008.75
2009/6/17,3058.67
2009/6/18,3101.28
2009/6/19,3119.79
2009/6/22,3116.21
2009/6/23,3114.74
2009/6/24,3151.72
2009/6/25,3148.71
2009/6/26,3161.15
2009/6/29,3207.7
2009/6/30,3192.19
2009/7/1,3259.2
2009/7/2,3301.8
2009/7/3,3346.1
2009/7/6,3385.75
2009/7/7,3357.63
2009/7/8,3375.44
2009/7/9,3423.69
2009/7/10,3428.73
2009/7/13,3405.33
2009/7/14,3491.76
2009/7/15,3529.25
2009/7/16,3531.93
2009/7/17,3551.3
2009/7/20,3621.07
2009/7/21,3561.93
2009/7/22,3629.03
2009/7/23,3672.44
2009/7/24,3680.17
2009/7/27,3753.4
2009/7/28,3772.69
2009/7/29,3565.61
2009/7/30,3634.08
2009/7/31,3737.84
2009/8/3,3797.22
2009/8/4,3806.17
2009/8/5,3769.54
2009/8/6,3696.95
2009/8/7,3587.19
2009/8/10,3586.28
2009/8/11,3599.6
2009/8/12,3437.48
2009/8/13,3473.81
2009/8/14,3364.69
2009/8/17,3153.36
2009/8/18,3191.4
2009/8/19,3031.64
2009/8/20,3159.74
2009/8/21,3224.96
2009/8/24,3259.74
2009/8/25,3153.12
2009/8/26,3223.94
2009/8/27,3217.53
2009/8/28,3111.14
2009/8/31,2889.59
2009/9/1,2894.19
2009/9/2,2935.82
2009/9/3,3095.68
2009/9/4,3127.51
2009/9/7,3156.43
2009/9/8,3222.37
2009/9/9,3245.47
2009/9/10,3213.81
2009/9/11,3285.51
2009/9/14,3347.73
2009/9/15,3362.44
2009/9/16,3327.91
2009/9/17,3394.07
2009/9/18,3273.12
2009/9/21,3292.46
2009/9/22,3212.07
2009/9/23,3133.91
2009/9/24,3145.56
2009/9/25,3121.58
2009/9/28,3033.39
2009/9/29,3021.3
2009/9/30,3052.79
2009/10/9,3213.47
2009/10/12,3207.82
2009/10/13,3257
2009/10/14,3286.5
2009/10/15,3298.55
2009/10/16,3302.56
2009/10/19,3389.96
2009/10/20,3439.69
2009/10/21,3428.15
2009/10/22,3413.51
2009/10/23,3476.35
2009/10/26,3477.75
2009/10/27,3378.33
2009/10/28,3397.3
2009/10/29,3318.28
2009/10/30,3354.49
2009/11/2,3468.87
2009/11/3,3521.45
2009/11/4,3541.98
2009/11/5,3558.33
2009/11/6,3576.99
2009/11/9,3593.09
2009/11/10,3600.74
2009/11/11,3597.4
2009/11/12,3603.45
2009/11/13,3628.61
2009/11/16,3733.04
2009/11/17,3739.33
2009/11/18,3744.46
2009/11/19,3767.3
2009/11/20,3764.17
2009/11/23,3807.49
2009/11/24,3667.35
2009/11/25,3763.77
2009/11/26,3613.69
2009/11/27,3509.49
2009/11/30,3648.95
2009/12/1,3710.99
2009/12/2,3752.74
2009/12/3,3753.3
2009/12/4,3773.79
2009/12/7,3808.28
2009/12/8,3770.5
2009/12/9,3700.81
2009/12/10,3726.31
2009/12/11,3724.19
2009/12/14,3750.51
2009/12/15,3728.75
2009/12/16,3707.3
2009/12/17,3616.05
2009/12/18,3514.68
2009/12/21,3528.55
2009/12/22,3432.91
2009/12/23,3471.55
2009/12/24,3579.16
2009/12/25,3573.7
2009/12/28,3630.14
2009/12/29,3651.13
2009/12/30,3694.47
2009/12/31,3715.36
2010/1/4,3687.94
2010/1/5,3719.95
2010/1/6,3700.77
2010/1/7,3627.18
2010/1/8,3644.73
2010/1/11,3651.74
2010/1/12,3712.51
2010/1/13,3612.37
2010/1/14,3674.25
2010/1/15,3691.62
2010/1/18,3721.59
2010/1/19,3727.2
2010/1/20,3602.6
2010/1/21,3616.98
2010/1/22,3558.31
2010/1/25,3516.94
2010/1/26,3413.08
2010/1/27,3372.53
2010/1/28,3392.2
2010/1/29,3397.6
2010/2/1,3348.22
2010/2/2,3337.34
2010/2/3,3416.6
2010/2/4,3415.78
2010/2/5,3344.67
2010/2/8,3342.92
2010/2/9,3357.65
2010/2/10,3403.96
2010/2/11,3407.1
2010/2/12,3443.21
2010/2/22,3429.53
2010/2/23,3409.42
2010/2/24,3464.66
2010/2/25,3516.84
2010/2/26,3509.38
2010/3/1,3553.42
2010/3/2,3543.66
2010/3/3,3575.77
2010/3/4,3475.32
2010/3/5,3486.12
2010/3/8,3516.8
2010/3/9,3533.59
2010/3/10,3500.97
2010/3/11,3491.66
2010/3/12,3443.43
2010/3/15,3396.23
2010/3/16,3419.87
2010/3/17,3499.61
2010/3/18,3497.38
2010/3/19,3524.71
2010/3/22,3536.75
2010/3/23,3509.08
2010/3/24,3514.64
2010/3/25,3464.72
2010/3/26,3514.05
2010/3/29,3587.82
2010/3/30,3598.33
2010/3/31,3583.71
2010/4/1,3634.33
2010/4/2,3649.7
2010/4/6,3649.81
2010/4/7,3637.32
2010/4/8,3605.44
2010/4/9,3645.56
2010/4/12,3630.56
2010/4/13,3651.89
2010/4/14,3672.51
2010/4/15,3653.2
2010/4/16,3619.56
2010/4/19,3435.64
2010/4/20,3444.9
2010/4/21,3523.05
2010/4/22,3496.59
2010/4/23,3480.05
2010/4/26,3466.12
2010/4/27,3390.94
2010/4/28,3377.36
2010/4/29,3318.27
2010/4/30,3300.62
2010/5/4,3261.46
2010/5/5,3300.01
2010/5/6,3160.75
2010/5/7,3099.54
2010/5/10,3101.05
2010/5/11,3031.29
2010/5/12,3025.65
2010/5/13,3102.66
2010/5/14,3092.73
2010/5/17,2918.72
2010/5/18,2974.77
2010/5/19,2968.44
2010/5/20,2924.98
2010/5/21,2974.69
2010/5/24,3093
2010/5/25,3039.67
2010/5/26,3041.84
2010/5/27,3092.78
2010/5/28,3088.24
2010/5/31,3001.62
2010/6/1,2963.32
2010/6/2,2985.06
2010/6/3,2962.24
2010/6/4,2975.59
2010/6/7,2933.53
2010/6/8,2943.45
2010/6/9,3029.24
2010/6/10,3005.81
2010/6/11,3007.99
2010/6/17,2985.01
2010/6/18,2914.71
2010/6/21,3004.19
2010/6/22,3012.89
2010/6/23,2987.91
2010/6/24,2987.25
2010/6/25,2957.53
2010/6/28,2929.12
2010/6/29,2786.51
2010/6/30,2749.51
2010/7/1,2708.87
2010/7/2,2711.31
2010/7/5,2690
2010/7/6,2749.54
2010/7/7,2773.76
2010/7/8,2766.25
2010/7/9,2844.03
2010/7/12,2875.32
2010/7/13,2830.43
2010/7/14,2852.37
2010/7/15,2799.4
2010/7/16,2809.68
2010/7/19,2878.95
2010/7/20,2946.97
2010/7/21,2953.17
2010/7/22,2991.48
2010/7/23,3000.46
2010/7/26,3025.45
2010/7/27,3012.75
2010/7/28,3084.98
2010/7/29,3102.42
2010/7/30,3094.55
2010/8/2,3147.93
2010/8/3,3092.72
2010/8/4,3111.42
2010/8/5,3094.68
2010/8/6,3148.92
2010/8/9,3176.33
2010/8/10,3076.02
2010/8/11,3099.86
2010/8/12,3062.07
2010/8/13,3108.91
2010/8/16,3181.26
2010/8/17,3203.99
2010/8/18,3199.92
2010/8/19,3215.2
2010/8/20,3151.47
2010/8/23,3156.98
2010/8/24,3179.32
2010/8/25,3107.44
2010/8/26,3118.98
2010/8/27,3131.86
2010/8/30,3200.16
2010/8/31,3197.55
2010/9/1,3171.01
2010/9/2,3218.99
2010/9/3,3225.15
2010/9/6,3267.08
2010/9/7,3278.81
2010/9/8,3284.75
2010/9/9,3229.23
2010/9/10,3243.07
2010/9/13,3282.93
2010/9/14,3288.06
2010/9/15,3232.25
2010/9/16,3165.23
2010/9/17,3166.7
2010/9/20,3147.9
2010/9/21,3152.82
2010/9/27,3214.99
2010/9/28,3192
2010/9/29,3174.98
2010/9/30,3237.02
2010/10/8,3344.49
2010/10/11,3419.58
2010/10/12,3454.72
2010/10/13,3496.51
2010/10/14,3472.02
2010/10/15,3557.33
2010/10/18,3529.69
2010/10/19,3612.32
2010/10/20,3632.28
2010/10/21,3621.97
2010/10/22,3633.5
2010/10/25,3738.48
2010/10/26,3735.47
2010/10/27,3675.84
2010/10/28,3671.79
2010/10/29,3668.16
2010/11/1,3770.03
2010/11/2,3757.11
2010/11/3,3708.68
2010/11/4,3781.49
2010/11/5,3829.6
2010/11/8,3874.41
2010/11/9,3861.57
2010/11/10,3844.8
2010/11/11,3845.11
2010/11/12,3607.87
2010/11/15,3653.56
2010/11/16,3501.58
2010/11/17,3408.78
2010/11/18,3458.6
2010/11/19,3511.43
2010/11/22,3519.01
2010/11/23,3450.51
2010/11/24,3533.57
2010/11/25,3580.99
2010/11/26,3551.93
2010/11/29,3552.04
2010/11/30,3483.43
2010/12/1,3483.78
2010/12/2,3503.16
2010/12/3,3498.47
2010/12/6,3488.63
2010/12/7,3529.39
2010/12/8,3503.77
2010/12/9,3445
2010/12/10,3490.01
2010/12/13,3595.97
2010/12/14,3614.98
2010/12/15,3594.92
2010/12/16,3578.67
2010/12/17,3576.82
2010/12/20,3526.84
2010/12/21,3594.93
2010/12/22,3558.48
2010/12/23,3517.11
2010/12/24,3481.8
2010/12/27,3404.24
2010/12/28,3337.78
2010/12/29,3366.81
2010/12/30,3371.63
2010/12/31,3443.58
2011/1/4,3507.01
2011/1/5,3499.01
2011/1/6,3480.96
2011/1/7,3481.63
2011/1/10,3407.42
2011/1/11,3416
2011/1/12,3435.41
2011/1/13,3433.27
2011/1/14,3374.09
2011/1/17,3241.32
2011/1/18,3247.19
2011/1/19,3321.74
2011/1/20,3209.49
2011/1/21,3246.07
2011/1/24,3202.25
2011/1/25,3179.06
2011/1/26,3226.66
2011/1/27,3279.94
2011/1/28,3296.75
2011/1/31,3340.51
2011/2/1,3344.85
2011/2/9,3311.74
2011/2/10,3385.95
2011/2/11,3409.4
2011/2/14,3504.42
2011/2/15,3502.7
2011/2/16,3543.14
2011/2/17,3547.61
2011/2/18,3511.59
2011/2/21,3567.71
2011/2/22,3466.82
2011/2/23,3488.85
2011/2/24,3511.03
2011/2/25,3517.36
2011/2/28,3562.81
2011/3/1,3580.26
2011/3/2,3568.37
2011/3/3,3532.24
2011/3/4,3582.6
2011/3/7,3647.2
2011/3/8,3654.75
2011/3/9,3658.82
2011/3/10,3604.59
2011/3/11,3577.49
2011/3/14,3599.45
2011/3/15,3541.02
2011/3/16,3589.38
2011/3/17,3530.38
2011/3/18,3549.61
2011/3/21,3535.03
2011/3/22,3547.71
2011/3/23,3594.52
2011/3/24,3586.25
2011/3/25,3629.01
2011/3/28,3623.46
2011/3/29,3580.62
2011/3/30,3570.31
2011/3/31,3531.88
2011/4/1,3583.79
2011/4/6,3613.23
2011/4/7,3629.97
2011/4/8,3664.34
2011/4/11,3640.48
2011/4/12,3636.51
2011/4/13,3682.44
2011/4/14,3664.9
2011/4/15,3671.4
2011/4/18,3674.9
2011/4/19,3611.96
2011/4/20,3618.76
2011/4/21,3642.85
2011/4/22,3624.52
2011/4/25,3563.25
2011/4/26,3532.42
2011/4/27,3504.43
2011/4/28,3436.29
2011/4/29,3476.51
2011/5/3,3507.08
2011/5/4,3421.18
2011/5/5,3421.19
2011/5/6,3421.69
2011/5/9,3435.94
2011/5/10,3460.21
2011/5/11,3455.72
2011/5/12,3408.4
2011/5/13,3436.99
2011/5/16,3414.45
2011/5/17,3421.9
2011/5/18,3446.74
2011/5/19,3426.73
2011/5/20,3424.34
2011/5/23,3310.5
2011/5/24,3311.7
2011/5/25,3272.82
2011/5/26,3254.57
2011/5/27,3215.28
2011/5/30,3192.4
2011/5/31,3248.9
2011/6/1,3259.8
2011/6/2,3209.39
2011/6/3,3248.37
2011/6/7,3270.51
2011/6/8,3277
2011/6/9,3211.37
2011/6/10,3221.76
2011/6/13,3212.4
2011/6/14,3260.72
2011/6/15,3228.49
2011/6/16,3173.52
2011/6/17,3140.88
2011/6/20,3115.97
2011/6/21,3154.67
2011/6/22,3151.03
2011/6/23,3205.83
2011/6/24,3281.96
2011/6/27,3300.33
2011/6/28,3305.73
2011/6/29,3260.48
2011/6/30,3308.54
2011/7/1,3317.83
2011/7/4,3397.45
2011/7/5,3403.46
2011/7/6,3398.51
2011/7/7,3388.9
2011/7/8,3394.06
2011/7/11,3405.27
2011/7/12,3347.13
2011/7/13,3404.49
2011/7/14,3419.74
2011/7/15,3435.9
2011/7/18,3430.68
2011/7/19,3398.92
2011/7/20,3397.04
2011/7/21,3358.84
2011/7/22,3369.06
2011/7/25,3253.77
2011/7/26,3265.07
2011/7/27,3297.39
2011/7/28,3276.53
2011/7/29,3259.54
2011/8/1,3267.1
2011/8/2,3243.62
2011/8/3,3245.08
2011/8/4,3253.98
2011/8/5,3186.41
2011/8/8,3060.38
2011/8/9,3061.3
2011/8/10,3093.69
2011/8/11,3142.32
2011/8/12,3158.73
2011/8/15,3205.29
2011/8/16,3181.76
2011/8/17,3168.73
2011/8/18,3112.56
2011/8/19,3083.46
2011/8/22,3053.58
2011/8/23,3101.66
2011/8/24,3091.5
2011/8/25,3184.35
2011/8/26,3184.15
2011/8/29,3137.61
2011/8/30,3121.52
2011/8/31,3121.63
2011/9/1,3105.14
2011/9/2,3071.06
2011/9/5,3002.72
2011/9/6,2979.99
2011/9/7,3043.89
2011/9/8,3016.74
2011/9/9,3007.78
2011/9/13,2969.98
2011/9/14,2989.24
2011/9/15,2986.6
2011/9/16,2990.45
2011/9/19,2930.87
2011/9/20,2943.12
2011/9/21,3031.55
2011/9/22,2939.76
2011/9/23,2920.33
2011/9/26,2860.75
2011/9/27,2885.62
2011/9/28,2850.86
2011/9/29,2808.79
2011/9/30,2800.62
2011/10/10,2776.53
2011/10/11,2769.7
2011/10/12,2869.25
2011/10/13,2893.18
2011/10/14,2882.96
2011/10/17,2895.81
2011/10/18,2813.15
2011/10/19,2801.52
2011/10/20,2729.89
2011/10/21,2706.86
2011/10/24,2774.46
2011/10/25,2833.58
2011/10/26,2862.45
2011/10/27,2868.01
2011/10/28,2926.31
2011/10/31,2919.09
2011/11/1,2920.97
2011/11/2,2970.75
2011/11/3,2976.92
2011/11/4,2998.85
2011/11/7,2973.63
2011/11/8,2956.07
2011/11/9,2988.14
2011/11/10,2934.67
2011/11/11,2930.56
2011/11/14,2993.23
2011/11/15,2994.95
2011/11/16,2915.37
2011/11/17,2907.21
2011/11/18,2840.75
2011/11/21,2843.96
2011/11/22,2842.16
2011/11/23,2818.79
2011/11/24,2821.36
2011/11/25,2801.63
2011/11/28,2805.06
2011/11/29,2845.66
2011/11/30,2745.51
2011/12/1,2809.95
2011/12/2,2773.83
2011/12/5,2721.6
2011/12/6,2717.45
2011/12/7,2728.96
2011/12/8,2725.98
2011/12/9,2701.85
2011/12/12,2672.17
2011/12/13,2603.77
2011/12/14,2571.58
2011/12/15,2508.36
2011/12/16,2566.35
2011/12/19,2563.16
2011/12/20,2555.31
2011/12/21,2509.4
2011/12/22,2503.05
2011/12/23,2522.77
2011/12/26,2500.25
2011/12/27,2459.88
2011/12/28,2459.09
2011/12/29,2461.82
2011/12/30,2500.65
2012/1/4,2448.86
2012/1/5,2408.85
2012/1/6,2422.77
2012/1/9,2509.02
2012/1/10,2597.24
2012/1/11,2588.03
2012/1/12,2587.54
2012/1/13,2533.67
2012/1/16,2475.18
2012/1/17,2600.38
2012/1/18,2556.9
2012/1/19,2600.26
2012/1/20,2637.44
2012/1/30,2598.15
2012/1/31,2601.39
2012/2/1,2567.68
2012/2/2,2625.39
2012/2/3,2651.64
2012/2/6,2655.69
2012/2/7,2607.94
2012/2/8,2681.15
2012/2/9,2686.49
2012/2/10,2693.46
2012/2/13,2698.04
2012/2/14,2690.97
2012/2/15,2723.12
2012/2/16,2712.04
2012/2/17,2710.63
2012/2/20,2715.26
2012/2/21,2740.97
2012/2/22,2782.4
2012/2/23,2791.69
2012/2/24,2835.8
2012/2/27,2844.09
2012/2/28,2845.35
2012/2/29,2813.29
2012/3/1,2816.29
2012/3/2,2868.53
2012/3/5,2855.37
2012/3/6,2814.73
2012/3/7,2794.98
2012/3/8,2832.44
2012/3/9,2865.92
2012/3/12,2862.22
2012/3/13,2890.99
2012/3/14,2796.98
2012/3/15,2772.76
2012/3/16,2821.57
2012/3/19,2834.84
2012/3/20,2782.54
2012/3/21,2787.81
2012/3/22,2781.25
2012/3/23,2742.95
2012/3/26,2744.25
2012/3/27,2735.06
2012/3/28,2646.459
2012/3/29,2608.851
2012/3/30,2616.708
2012/4/5,2684.797
2012/4/6,2694.628
2012/4/9,2667.06
2012/4/10,2694.597
2012/4/11,2697.111
2012/4/12,2751.537
2012/4/13,2766.063
2012/4/16,2762.836
2012/4/17,2726.85
2012/4/18,2789.017
2012/4/19,2784.175
2012/4/20,2814.905
2012/4/23,2789.785
2012/4/24,2784.153
2012/4/25,2810.972
2012/4/26,2811.893
2012/4/27,2801.004
2012/5/2,2857.24
2012/5/3,2866.616
2012/5/4,2890.773
2012/5/7,2897.249
2012/5/8,2890.059
2012/5/9,2836.14
2012/5/10,2838.441
2012/5/11,2819.134
2012/5/14,2800.898
2012/5/15,2801.598
2012/5/16,2758.644
2012/5/17,2800.376
2012/5/18,2757.273
2012/5/21,2767.535
2012/5/22,2810.751
2012/5/23,2801.757
2012/5/24,2778.585
2012/5/25,2752.782
2012/5/28,2796.002
2012/5/29,2836.019
2012/5/30,2830.303
2012/5/31,2822.318
2012/6/1,2821.384
2012/6/4,2738.872
2012/6/5,2737.943
2012/6/6,2733.531
2012/6/7,2717.712
2012/6/8,2700.146
2012/6/11,2739.842
2012/6/12,2721.168
2012/6/13,2766.187
2012/6/14,2745.75
2012/6/15,2751.217
2012/6/18,2768.486
2012/6/19,2745.276
2012/6/20,2736.356
2012/6/21,2695.317
2012/6/25,2632.21
2012/6/26,2630.332
2012/6/27,2621.576
2012/6/28,2595.208
2012/6/29,2632.19
2012/7/2,2642.237
2012/7/3,2646.214
2012/7/4,2639.809
2012/7/5,2597.175
2012/7/6,2643.966
2012/7/9,2581.998
2012/7/10,2568.333
2012/7/11,2590.691
2012/7/12,2618.318
2012/7/13,2616.685
2012/7/16,2552.618
2012/7/17,2568.607
2012/7/18,2572.14
2012/7/19,2587.567
2012/7/20,2562.442
2012/7/23,2529.807
2012/7/24,2542.639
2012/7/25,2524.415
2012/7/26,2508.734
2012/7/27,2506.587
2012/7/30,2483.608
2012/7/31,2470.537
2012/8/1,2501.87
2012/8/2,2478.888
2012/8/3,2505.951
2012/8/6,2546.024
2012/8/7,2554.38
2012/8/8,2552.955
2012/8/9,2579.641
2012/8/10,2568.273
2012/8/13,2515.236
2012/8/14,2525.159
2012/8/15,2497.457
2012/8/16,2483.362
2012/8/17,2478.341
2012/8/20,2469.375
2012/8/21,2487.561
2012/8/22,2467.433
2012/8/23,2476.82
2012/8/24,2443.877
2012/8/27,2390.442
2012/8/28,2401.776
2012/8/29,2378.723
2012/8/30,2366.707
2012/8/31,2363.29
2012/9/3,2393.523
2012/9/4,2367.588
2012/9/5,2367.051
2012/9/6,2388.239
2012/9/7,2490.171
2012/9/10,2503.186
2012/9/11,2488.735
2012/9/12,2500.156
2012/9/13,2474.033
2012/9/14,2489.469
2012/9/17,2424.97
2012/9/18,2403.5
2012/9/19,2418.228
2012/9/20,2360.181
2012/9/21,2359.371
2012/9/24,2377.011
2012/9/25,2368.476
2012/9/26,2334.678
2012/9/27,2401.501
2012/9/28,2445.815
2012/10/8,2424.137
2012/10/9,2479.852
2012/10/10,2488.828
2012/10/11,2462.349
2012/10/12,2462.556
2012/10/15,2451.554
2012/10/16,2456.08
2012/10/17,2459.608
2012/10/18,2498.123
2012/10/19,2493.473
2012/10/22,2503.26
2012/10/23,2472.104
2012/10/24,2468.414
2012/10/25,2449.175
2012/10/26,2402.512
2012/10/29,2391.955
2012/10/30,2395.537
2012/10/31,2408.992
2012/11/1,2454.925
2012/11/2,2466.058
2012/11/5,2459.479
2012/11/6,2447.577
2012/11/7,2443.013
2012/11/8,2394.268
2012/11/9,2388.32
2012/11/12,2400.725
2012/11/13,2356.996
2012/11/14,2367.316
2012/11/15,2333.419
2012/11/16,2316.898
2012/11/19,2316.365
2012/11/20,2305.98
2012/11/21,2336.006
2012/11/22,2314.554
2012/11/23,2328.709
2012/11/26,2308.411
2012/11/27,2268.635
2012/11/28,2239.521
2012/11/29,2223.747
2012/11/30,2250.984
2012/12/3,2213.605
2012/12/4,2238.234
2012/12/5,2319.019
2012/12/6,2315.22
2012/12/7,2362.287
2012/12/10,2391.542
2012/12/11,2377.663
2012/12/12,2385.319
2012/12/13,2357.677
2012/12/14,2471.983
2012/12/17,2485.481
2012/12/18,2485.654
2012/12/19,2490.38
2012/12/20,2503.274
2012/12/21,2491.469
2012/12/24,2501.992
2012/12/25,2569.521
2012/12/26,2584.289
2012/12/27,2568.363
2012/12/28,2603.641
2012/12/31,2645.858
2013/1/4,2643.827
2013/1/7,2658.721
2013/1/8,2657.137
2013/1/9,2659.233
2013/1/10,2666.74
2013/1/11,2612.769
2013/1/14,2710.202
2013/1/15,2736.956
2013/1/16,2721.703
2013/1/17,2694.186
2013/1/18,2739.166
2013/1/21,2756.547
2013/1/22,2735.016
2013/1/23,2744.738
2013/1/24,2711.539
2013/1/25,2701.51
2013/1/28,2782.248
2013/1/29,2807.705
2013/1/30,2821.429
2013/1/31,2816.12
2013/2/1,2867.056
2013/2/4,2866.614
2013/2/5,2892.431
2013/2/6,2900.147
2013/2/7,2889.603
2013/2/8,2908.519
2013/2/18,2884.216
2013/2/19,2829.993
2013/2/20,2857.326
2013/2/21,2768.878
2013/2/22,2755.375
2013/2/25,2769.318
2013/2/26,2729.062
2013/2/27,2751.537
2013/2/28,2828.576
2013/3/1,2832.271
2013/3/4,2708.661
2013/3/5,2785.692
2013/3/6,2818.155
2013/3/7,2785.132
2013/3/8,2767.775
2013/3/11,2756.094
2013/3/12,2709.84
2013/3/13,2681.2
2013/3/14,2689.539
2013/3/15,2695.245
2013/3/18,2656.855
2013/3/19,2677.202
2013/3/20,2762.631
2013/3/21,2773.34
2013/3/22,2778.757
2013/3/25,2772.446
2013/3/26,2737.055
2013/3/27,2745.48
2013/3/28,2658.26
2013/3/29,2654.527
2013/4/1,2657.312
2013/4/2,2644.042
2013/4/3,2636.023
2013/4/8,2629.434
2013/4/9,2649.408
2013/4/10,2644.766
2013/4/11,2636.167
2013/4/12,2618.132
2013/4/15,2588.899
2013/4/16,2613.999
2013/4/17,2618.447
2013/4/18,2625.559
2013/4/19,2694.729
2013/4/22,2695.159
2013/4/23,2611.878
2013/4/24,2661.739
2013/4/25,2629.544
2013/4/26,2601.244
2013/5/2,2605.987
2013/5/3,2653.02
2013/5/6,2691.87
2013/5/7,2696.361
2013/5/8,2712.704
2013/5/9,2700.868
2013/5/10,2715.388
2013/5/13,2709.656
2013/5/14,2671.702
2013/5/15,2691.444
2013/5/16,2735.673
2013/5/17,2777.761
2013/5/20,2800.465
2013/5/21,2813.705
2013/5/22,2810.611
2013/5/23,2776.269
2013/5/24,2798.487
2013/5/27,2807.392
2013/5/28,2845.093
2013/5/29,2848.832
2013/5/30,2843.748
2013/5/31,2816.734
2013/6/3,2808.779
2013/6/4,2765.135
2013/6/5,2763.784
2013/6/6,2725.129
2013/6/7,2676.435
2013/6/13,2589.602
2013/6/14,2616.02
2013/6/17,2607.051
2013/6/18,2621.412
2013/6/19,2602.718
2013/6/20,2516.76
2013/6/21,2510.076
2013/6/24,2352.446
2013/6/25,2345.224
2013/6/26,2359.722
2013/6/27,2343.99
2013/6/28,2376.891
2013/7/1,2399.631
2013/7/2,2416.545
2013/7/3,2402.696
2013/7/4,2422.23
2013/7/5,2422.763
2013/7/8,2347.577
2013/7/9,2350.321
2013/7/10,2418.662
2013/7/11,2519.295
2013/7/12,2471.961
2013/7/15,2510.308
2013/7/16,2526.655
2013/7/17,2488.883
2013/7/18,2457.652
2013/7/19,2397.279
2013/7/22,2418.933
2013/7/23,2485.892
2013/7/24,2476.162
2013/7/25,2454.513
2013/7/26,2442.644
2013/7/29,2391.314
2013/7/30,2399.453
2013/7/31,2405.944
2013/8/1,2464.913
2013/8/2,2468.713
2013/8/5,2504.665
2013/8/6,2524.113
2013/8/7,2507.217
2013/8/8,2505.817
2013/8/9,2515.661
2013/8/12,2580.416
2013/8/13,2589.026
2013/8/14,2578.278
2013/8/15,2546.885
2013/8/16,2518.763
2013/8/19,2550.869
2013/8/20,2533.733
2013/8/21,2535.621
2013/8/22,2533.453
2013/8/23,2518.076
2013/8/26,2571.392
2013/8/27,2580.837
2013/8/28,2565.298
2013/8/29,2556.853
2013/8/30,2546.584
2013/9/2,2556.494
2013/9/3,2594.235
2013/9/4,2593.017
2013/9/5,2587.036
2013/9/6,2605.572
2013/9/9,2680.113
2013/9/10,2715.085
2013/9/11,2714.981
2013/9/12,2736.947
2013/9/13,2722.688
2013/9/16,2714.917
2013/9/17,2661.051
2013/9/18,2671.744
2013/9/23,2718.142
2013/9/24,2695.702
2013/9/25,2681.018
2013/9/26,2630.07
2013/9/27,2641.273
2013/9/30,2661.781
2013/10/8,2700.247
2013/10/9,2717.597
2013/10/10,2693.956
2013/10/11,2738.031
2013/10/14,2748.786
2013/10/15,2745.732
2013/10/16,2688.127
2013/10/17,2680.447
2013/10/18,2693.284
2013/10/21,2747.921
2013/10/22,2719.527
2013/10/23,2678.748
2013/10/24,2659.393
2013/10/25,2619.585
2013/10/28,2615.106
2013/10/29,2601.198
2013/10/30,2640.989
2013/10/31,2604.35
2013/11/1,2611.468
2013/11/4,2612.429
2013/11/5,2623.993
2013/11/6,2592.11
2013/11/7,2572.121
2013/11/8,2535.611
2013/11/11,2544.952
2013/11/12,2570.86
2013/11/13,2516.167
2013/11/14,2538.184
2013/11/15,2589.68
2013/11/18,2669.886
2013/11/19,2658.485
2013/11/20,2675.713
2013/11/21,2661.223
2013/11/22,2647.336
2013/11/25,2639.159
2013/11/26,2639.263
2013/11/27,2669.27
2013/11/28,2695.622
2013/11/29,2699.416
2013/12/2,2651.373
2013/12/3,2686.984
2013/12/4,2726.518
2013/12/5,2720.091
2013/12/6,2705.328
2013/12/9,2709.384
2013/12/10,2711.883
2013/12/11,2670.942
2013/12/12,2670.536
2013/12/13,2669.31
2013/12/16,2625.567
2013/12/17,2611.909
2013/12/18,2612.612
2013/12/19,2585.343
2013/12/20,2532.245
2013/12/23,2536.821
2013/12/24,2544.373
2013/12/25,2565.222
2013/12/26,2521.027
2013/12/27,2562.533
2013/12/30,2561.367
2013/12/31,2589.353
2014/1/2,2586.018
2014/1/3,2554.8
2014/1/6,2493.397
2014/1/7,2496.863
2014/1/8,2500.878
2014/1/9,2477.277
2014/1/10,2451.175
2014/1/13,2439.065
2014/1/14,2467.369
2014/1/15,2468.461
2014/1/16,2471.932
2014/1/17,2437.036
2014/1/20,2421.881
2014/1/21,2449.32
2014/1/22,2513.08
2014/1/23,2507.905
2014/1/24,2529.273
2014/1/27,2504.635
2014/1/28,2506.452
2014/1/29,2519.044
2014/1/30,2494.149
2014/2/7,2515.061
2014/2/10,2580.876
2014/2/11,2596.73
2014/2/12,2609.295
2014/2/13,2588.989
2014/2/14,2614.392
2014/2/17,2641.383
2014/2/18,2616.444
2014/2/19,2638.087
2014/2/20,2610.295
2014/2/21,2586.482
2014/2/24,2542.658
2014/2/25,2470.77
2014/2/26,2479.857
2014/2/27,2462.96
2014/2/28,2490.651
2014/3/3,2514.553
2014/3/4,2509.668
2014/3/5,2489.139
2014/3/6,2496.211
2014/3/7,2488.309
2014/3/10,2403.537
2014/3/11,2413.194
2014/3/12,2417.946
2014/3/13,2446.785
2014/3/14,2429.195
2014/3/17,2459.524
2014/3/18,2459.349
2014/3/19,2443.641
2014/3/20,2397.489
2014/3/21,2469.917
2014/3/24,2490.399
2014/3/25,2489.584
2014/3/26,2488.605
2014/3/27,2465.908
2014/3/28,2449.035
2014/3/31,2440.037
2014/4/1,2464.205
2014/4/2,2479.154
2014/4/3,2465.204
2014/4/4,2489.578
2014/4/8,2539.693
2014/4/9,2547.234
2014/4/10,2579.723
2014/4/11,2574.084
2014/4/14,2577.674
2014/4/15,2540.286
2014/4/16,2542.452
2014/4/17,2535.228
2014/4/18,2537.471
2014/4/21,2495.617
2014/4/22,2500.294
2014/4/23,2495.389
2014/4/24,2484.164
2014/4/25,2450.778
2014/4/28,2403.385
2014/4/29,2432.254
2014/4/30,2437.184
2014/5/5,2441.011
2014/5/6,2445.168
2014/5/7,2416.772
2014/5/8,2415.983
2014/5/9,2408.021
2014/5/12,2462.962
2014/5/13,2457.651
2014/5/14,2455.068
2014/5/15,2419.259
2014/5/16,2419.802
2014/5/19,2390.701
2014/5/20,2393.03
2014/5/21,2415.148
2014/5/22,2410.791
2014/5/23,2432.318
2014/5/26,2445.711
2014/5/27,2436.945
2014/5/28,2462.697
2014/5/29,2444.058
2014/5/30,2446.42
2014/6/3,2439.887
2014/6/4,2416.21
2014/6/5,2442.086
2014/6/6,2426.6
2014/6/9,2422.582
2014/6/10,2452.264
2014/6/11,2455.008
2014/6/12,2447.56
2014/6/13,2473.62
2014/6/16,2490.588
2014/6/17,2466.073
2014/6/18,2454.592
2014/6/19,2409.294
2014/6/20,2423.243
2014/6/23,2425.672
2014/6/24,2438.569
2014/6/25,2424.741
2014/6/26,2446.027
2014/6/27,2451.745
2014/6/30,2470.195
2014/7/1,2474.379
2014/7/2,2484.373
2014/7/3,2499.07
2014/7/4,2495.22
2014/7/7,2494.95
2014/7/8,2502.779
2014/7/9,2466.588
2014/7/10,2461.705
2014/7/11,2474.212
2014/7/14,2504.426
2014/7/15,2507.488
2014/7/16,2498.72
2014/7/17,2481.995
2014/7/18,2489.765
2014/7/21,2489.417
2014/7/22,2520.438
2014/7/23,2520.146
2014/7/24,2552.036
2014/7/25,2577.579
2014/7/28,2643.646
2014/7/29,2656.668
2014/7/30,2650.141
2014/7/31,2680.803
2014/8/1,2655.45
2014/8/4,2705.554
2014/8/5,2704.06
2014/8/6,2703.927
2014/8/7,2666.993
2014/8/8,2674.472
2014/8/11,2714.079
2014/8/12,2711.172
2014/8/13,2713.048
2014/8/14,2689.164
2014/8/15,2718.264
2014/8/18,2740.162
2014/8/19,2742.654
2014/8/20,2735.601
2014/8/21,2725.427
2014/8/22,2739.181
2014/8/25,2714.581
2014/8/26,2685.271
2014/8/27,2690.528
2014/8/28,2670.154
2014/8/29,2700.522
2014/9/1,2728.394
2014/9/2,2766.044
2014/9/3,2790.165
2014/9/4,2811.355
2014/9/5,2833.618
2014/9/9,2836.391
2014/9/10,2827.24
2014/9/11,2818.956
2014/9/12,2840.292
2014/9/15,2848.097
2014/9/16,2779.986
2014/9/17,2797.39
2014/9/18,2809.17
2014/9/19,2829.734
2014/9/22,2780.286
2014/9/23,2807.71
2014/9/24,2853.378
2014/9/25,2849.16
2014/9/26,2851.99
2014/9/29,2868.987
2014/9/30,2878.333
2014/10/8,2914.402
2014/10/9,2919.17
2014/10/10,2902.794
2014/10/13,2893.151
2014/10/14,2883.343
2014/10/15,2901.401
2014/10/16,2871.169
2014/10/17,2861.071
2014/10/20,2883.67
2014/10/21,2858.221
2014/10/22,2835.897
2014/10/23,2804.923
2014/10/24,2803.974
2014/10/27,2791.948
2014/10/28,2851.494
2014/10/29,2891.784
2014/10/30,2906.43
2014/10/31,2937.906
2014/11/3,2948.733
2014/11/4,2944.87
2014/11/5,2935.443
2014/11/6,2942.709
2014/11/7,2931.216
2014/11/10,2993.076
2014/11/11,2961.248
2014/11/12,3005.311
2014/11/13,2985.689
2014/11/14,2984.706
2014/11/17,2981.62
2014/11/18,2961.988
2014/11/19,2961.55
2014/11/20,2959.63
2014/11/21,3007.507
2014/11/24,3076.17
2014/11/25,3119.508
2014/11/26,3154.835
2014/11/27,3187.294
2014/11/28,3231.131
2014/12/1,3233.775
2014/12/2,3331.887
2014/12/3,3378.568
2014/12/4,3511.218
2014/12/5,3507.709
2014/12/8,3627.154
2014/12/9,3468.835
2014/12/10,3594.566
2014/12/11,3576.656
2014/12/12,3591.82
2014/12/15,3627.611
2014/12/16,3702.125
2014/12/17,3739.99
2014/12/18,3728.143
2014/12/19,3752.484
2014/12/22,3722.518
2014/12/23,3645.743
2014/12/24,3580.805
2014/12/25,3684.899
2014/12/26,3785.514
2014/12/29,3783.504
2014/12/30,3768.653
2014/12/31,3839.385
2015/1/5,3944.364
2015/1/6,3955.21
2015/1/7,3958.937
2015/1/8,3881.915
2015/1/9,3865.424
2015/1/12,3824.61
2015/1/13,3837.987
2015/1/14,3823.964
2015/1/15,3919.498
2015/1/16,3957.55
2015/1/19,3686.077
2015/1/20,3753.665
2015/1/21,3903.341
2015/1/22,3932.654
2015/1/23,3925.878
2015/1/26,3977.928
2015/1/27,3953.524
2015/1/28,3906.894
2015/1/29,3864.384
2015/1/30,3813.397
2015/2/2,3743.43
2015/2/3,3829.204
2015/2/4,3795.751
2015/2/5,3762.044
2015/2/6,3696.152
2015/2/9,3718.232
2015/2/10,3781.643
2015/2/11,3814.768
2015/2/12,3828.984
2015/2/13,3866.719
2015/2/16,3908.892
2015/2/17,3934.952
2015/2/25,3898.491
2015/2/26,3981.348
2015/2/27,3995.426
2015/3/2,4040.309
2015/3/3,3960.18
2015/3/4,3995.295
2015/3/5,3966.844
2015/3/6,3938.717
2015/3/9,4001.285
2015/3/10,3998.73
2015/3/11,3999.625
2015/3/12,4054.983
2015/3/13,4087.653
2015/3/16,4193.01
2015/3/17,4253.151
2015/3/18,4345.523
2015/3/19,4350.036
2015/3/20,4405.462
2015/3/23,4500.114
2015/3/24,4506.077
2015/3/25,4493.4
2015/3/26,4492.261
2015/3/27,4524.535
2015/3/30,4635.794
2015/3/31,4606.897
2015/4/1,4697.128
2015/4/2,4721.89
2015/4/3,4780.42
2015/4/7,4886.485
2015/4/8,4905.891
2015/4/9,4867.327
2015/4/10,4971.358
2015/4/13,5064.494
2015/4/14,5077.968
2015/4/15,4974.25
2015/4/16,5102.565
2015/4/17,5182.363
2015/4/20,5096.542
2015/4/21,5224.723
2015/4/22,5360.982
2015/4/23,5377.429
2015/4/24,5347.642
2015/4/27,5450.228
2015/4/28,5352.501
2015/4/29,5407.904
2015/4/30,5395.306
2015/5/4,5433.542
2015/5/5,5221.92
2015/5/6,5165.582
2015/5/7,5065.485
2015/5/8,5190.84
2015/5/11,5362.567
2015/5/12,5442.534
2015/5/13,5432.968
2015/5/14,5416.47
2015/5/15,5335.767
2015/5/18,5329.834
2015/5/19,5496.938
2015/5/20,5543.53
2015/5/21,5674.82
2015/5/22,5793.447
2015/5/25,5961.35
2015/5/26,6102.073
2015/5/27,6109.771
2015/5/28,5713.429
2015/5/29,5736.511
2015/6/1,6021.969
2015/6/2,6162.932
2015/6/3,6164.605
2015/6/4,6192.989
2015/6/5,6265.077
2015/6/8,6345.764
2015/6/9,6312.99
2015/6/10,6340.705
2015/6/11,6366.775
2015/6/12,6422.067
2015/6/15,6290.77
2015/6/16,6082.546
2015/6/17,6182.2
2015/6/18,5945.728
2015/6/19,5573.439
2015/6/23,5706.915
2015/6/24,5823.118
2015/6/25,5616.615
2015/6/26,5166.203
2015/6/29,4943.367
2015/6/30,5249.519
2015/7/1,4981.6
2015/7/2,4761.339
2015/7/3,4494.2
2015/7/6,4566.627
2015/7/7,4426.119
2015/7/8,4178.857
2015/7/9,4424.078
2015/7/10,4657.534
2015/7/13,4823.012
2015/7/14,4768.927
2015/7/15,4569.744
2015/7/16,4625.213
2015/7/17,4825.089
2015/7/20,4853.825
2015/7/21,4876.371
2015/7/22,4886.408
2015/7/23,5004.191
2015/7/24,4920.461
2015/7/27,4514.934
2015/7/28,4483.494
2015/7/29,4647.064
2015/7/30,4513.301
2015/7/31,4501.573
2015/8/3,4479.425
2015/8/4,4647.724
2015/8/5,4562.633
2015/8/6,4525.411
2015/8/7,4626.028
2015/8/10,4839.037
2015/8/11,4831.572
2015/8/12,4772.541
2015/8/13,4856.094
2015/8/14,4870.309
2015/8/17,4907.869
2015/8/18,4584.337
2015/8/19,4665.838
2015/8/20,4511.989
2015/8/21,4293.811
2015/8/24,3928.51
2015/8/25,3644.795
2015/8/26,3588.29
2015/8/27,3774.997
2015/8/28,3955.333
2015/8/31,3929.897
2015/9/1,3854.533
2015/9/2,3849.52
2015/9/7,3757.745
2015/9/8,3867.092
2015/9/9,3951.742
2015/9/10,3897.952
2015/9/11,3898.588
2015/9/14,3766.803
2015/9/15,3600.721
2015/9/16,3796.161
2015/9/17,3715.614
2015/9/18,3739.854
2015/9/21,3824.129
2015/9/22,3857.509
2015/9/23,3782.221
2015/9/24,3816.139
2015/9/25,3736.299
2015/9/28,3764.591
2015/9/29,3691.536
2015/9/30,3714.97
2015/10/8,3835.615
2015/10/9,3888.682
2015/10/12,4020.931
2015/10/13,4033.229
2015/10/14,3987.527
2015/10/15,4089.901
2015/10/16,4149.57
2015/10/19,4149.634
2015/10/20,4205.588
2015/10/21,4041.039
2015/10/22,4127.207
2015/10/23,4196.096
2015/10/26,4219.443
2015/10/27,4230.205
2015/10/28,4142.237
2015/10/29,4159.62
2015/10/30,4156.086
2015/11/2,4082.173
2015/11/3,4070.671
2015/11/4,4266.066
2015/11/5,4331.606
2015/11/6,4433.554
2015/11/9,4489.285
2015/11/10,4488.825
2015/11/11,4508.236
2015/11/12,4476.15
2015/11/13,4415.481
2015/11/16,4456.674
2015/11/17,4440.014
2015/11/18,4383.127
2015/11/19,4465.601
2015/11/20,4480.362
2015/11/23,4452.15
2015/11/24,4462.056
2015/11/25,4506.535
2015/11/26,4479.785
2015/11/27,4225.7
2015/11/30,4239.106
2015/12/1,4266.207
2015/12/2,4367.363
2015/12/3,4418.617
2015/12/4,4349.056
2015/12/7,4373.085
2015/12/8,4285.203
2015/12/9,4290.704
2015/12/10,4275.884
2015/12/11,4253.108
2015/12/14,4364.488
2015/12/15,4360.736
2015/12/16,4358.934
2015/12/17,4449.871
2015/12/18,4456.737
2015/12/21,4552.988
2015/12/22,4573.894
2015/12/23,4550.618
2015/12/24,4516.695
2015/12/25,4530.847
2015/12/28,4406.662
2015/12/29,4447.352
2015/12/30,4461.879
2015/12/31,4411.976
2016/1/4,4084.6
2016/1/5,4075.974
2016/1/6,4157.228
2016/1/7,3848.896
2016/1/8,3923.205
2016/1/11,3706.138
2016/1/12,3726.652
2016/1/13,3639.882
2016/1/14,3729.364
2016/1/15,3604.007
2016/1/18,3628.946
2016/1/19,3743.434
2016/1/20,3693.035
2016/1/21,3572.112
2016/1/22,3615.072
2016/1/25,3638.48
2016/1/26,3403.797
2016/1/27,3382.163
2016/1/28,3276.269
2016/1/29,3387.112
2016/2/1,3337.799
2016/2/2,3420.422
2016/2/3,3414.164
2016/2/4,3463.521
2016/2/5,3436.164
2016/2/15,3422.813
2016/2/16,3538.483
2016/2/17,3572.256
2016/2/18,3561.827
2016/2/19,3564.052
2016/2/22,3641.283
2016/2/23,3611.174
2016/2/24,3634.922
2016/2/25,3392.425
2016/2/26,3420.522
2016/2/29,3309.76
2016/3/1,3375.27
2016/3/2,3523.797
2016/3/3,3533.835
2016/3/4,3535.471
2016/3/7,3567.636
2016/3/8,3572.046
2016/3/9,3516.615
2016/3/10,3451.533
2016/3/11,3453.459
2016/3/14,3524.522
2016/3/15,3523.001
2016/3/16,3521.9
2016/3/17,3582.376
2016/3/18,3657.569
2016/3/21,3747.773
2016/3/22,3724.11
2016/3/23,3740.26
2016/3/24,3677.925
2016/3/25,3701.474
2016/3/28,3671.389
2016/3/29,3622.703
2016/3/30,3727.259
2016/3/31,3731.985
2016/4/1,3729.582
2016/4/5,3793.219
2016/4/6,3794.016
2016/4/7,3737.688
2016/4/8,3707.682
2016/4/11,3768.098
2016/4/12,3749.421
2016/4/13,3800.859
2016/4/14,3822.917
2016/4/15,3816.843
2016/4/18,3762.67
2016/4/19,3775.538
2016/4/20,3677.977
2016/4/21,3652.092
2016/4/22,3671.019
2016/4/25,3654.573
2016/4/26,3680.779
2016/4/27,3664.582
2016/4/28,3655.541
2016/4/29,3651.552
2016/5/3,3730.343
2016/5/4,3727.402
2016/5/5,3737.077
2016/5/6,3625.601
2016/5/9,3533.925
2016/5/10,3535.96
2016/5/11,3544.483
2016/5/12,3551.045
2016/5/13,3536.405
2016/5/16,3570.497
2016/5/17,3558.946
2016/5/18,3516.062
2016/5/19,3517.786
2016/5/20,3542.389
2016/5/23,3563.31
2016/5/24,3532.152
2016/5/25,3523.651
2016/5/26,3532.904
2016/5/27,3530.65
2016/5/30,3529.119
2016/5/31,3655.327
2016/6/1,3652.591
2016/6/2,3665.059
2016/6/3,3686.631
2016/6/6,3681.367
2016/6/7,3678.793
2016/6/8,3664.259
2016/6/13,3534.509
2016/6/14,3545.304
2016/6/15,3612.689
2016/6/16,3591.026
2016/6/17,3609.892
2016/6/20,3615.651
2016/6/21,3597.97
2016/6/22,3637.169
2016/6/23,3618.071
2016/6/24,3571.907
2016/6/27,3632.716
2016/6/28,3657.107
2016/6/29,3671.581
2016/6/30,3674.234
2016/7/1,3672.282
2016/7/4,3735.172
2016/7/5,3744.208
2016/7/6,3756.932
2016/7/7,3755.456
2016/7/8,3737.484
2016/7/11,3748.753
2016/7/12,3820.481
2016/7/13,3837.704
2016/7/14,3834.394
2016/7/15,3831.347
2016/7/18,3814.509
2016/7/19,3806.94
2016/7/20,3795.764
2016/7/21,3812.382
2016/7/22,3780.751
2016/7/25,3788.647
2016/7/26,3835.657
2016/7/27,3745.685
2016/7/28,3750.583
2016/7/29,3729.265
2016/8/1,3690.206
2016/8/2,3710.931
2016/8/3,3719.989
2016/8/4,3733.562
2016/8/5,3730.294
2016/8/8,3769.814
2016/8/9,3797.562
2016/8/10,3782.255
2016/8/11,3757.408
2016/8/12,3820.052
2016/8/15,3926.654
2016/8/16,3919.142
2016/8/17,3918.472
2016/8/18,3911.898
2016/8/19,3913.998
2016/8/22,3876.671
2016/8/23,3882.275
2016/8/24,3873.726
2016/8/25,3847.216
2016/8/26,3850.82
2016/8/29,3854.44
2016/8/30,3857.529
2016/8/31,3871.893
2016/9/1,3841.017
2016/9/2,3846.721
2016/9/5,3857.583
2016/9/6,3894.629
2016/9/7,3893.407
2016/9/8,3896.701
2016/9/9,3870.693
2016/9/12,3793.034
2016/9/13,3796.361
2016/9/14,3771.207
2016/9/19,3803.023
2016/9/20,3797.99
2016/9/21,3805.795
2016/9/22,3833.289
2016/9/23,3818.009
2016/9/26,3749.566
2016/9/27,3774.443
2016/9/28,3765.415
2016/9/29,3779.554
2016/9/30,3792.11
2016/10/10,3846.824
2016/10/11,3864.174
2016/10/12,3858.191
2016/10/13,3860.71
2016/10/14,3860.514
2016/10/17,3827.559
2016/10/18,3880.325
2016/10/19,3873.639
2016/10/20,3876.099
2016/10/21,3879.327
2016/10/24,3923.337
2016/10/25,3927.592
2016/10/26,3911.319
2016/10/27,3901.559
2016/10/28,3885.826
2016/10/31,3882.044
2016/11/1,3910.677
2016/11/2,3880.205
2016/11/3,3911.15
2016/11/4,3898.448
2016/11/7,3901.543
2016/11/8,3919.589
2016/11/9,3895.894
2016/11/10,3941.558
2016/11/11,3971.692
2016/11/14,3987.931
2016/11/15,3992.268
2016/11/16,3992.723
2016/11/17,3996.944
2016/11/18,3975.246
2016/11/21,3996.105
2016/11/22,4027.269
2016/11/23,4026.943
2016/11/24,4036.821
2016/11/25,4068.649
2016/11/28,4083.104
2016/11/29,4097.459
2016/11/30,4069.923
2016/12/1,4098.936
2016/12/2,4050.802
2016/12/5,3996.153
2016/12/6,3988.73
2016/12/7,4014.435
2016/12/8,4004.309
2016/12/9,4020.933
2016/12/12,3904.012
2016/12/13,3905.989
2016/12/14,3877.786
2016/12/15,3854.107
2016/12/16,3865.62
2016/12/19,3852.226
2016/12/20,3832.424
2016/12/21,3864.881
2016/12/22,3861.497
2016/12/23,3827.823
2016/12/26,3842.14
2016/12/27,3836.191
2016/12/28,3821.047
2016/12/29,3814.48
2016/12/30,3826.467
2017/1/3,3862.953
2017/1/4,3897.601
2017/1/5,3898.023
2017/1/6,3876.668
2017/1/9,3897.831
2017/1/10,3889.339
2017/1/11,3858.746
2017/1/12,3834.267
2017/1/13,3821.807
2017/1/16,3791.52
2017/1/17,3806.417
2017/1/18,3814.477
2017/1/19,3801.756
2017/1/20,3836.823
2017/1/23,3853.451
2017/1/24,3852.487
2017/1/25,3864.378
2017/1/26,3882.219
2017/2/3,3860.179
2017/2/6,3876.782
2017/2/7,3870.086
2017/2/8,3890.867
2017/2/9,3908.642
2017/2/10,3923.647
2017/2/13,3948.054
2017/2/14,3948.63
2017/2/15,3925.655
2017/2/16,3949.937
2017/2/17,3924.606
2017/2/20,3979.307
2017/2/21,3997.599
2017/2/22,4010.498
2017/2/23,3997.154
2017/2/24,3997.979
2017/2/27,3966.108
2017/2/28,3976.328
2017/3/1,3983.933
2017/3/2,3958.99
2017/3/3,3956.459
2017/3/6,3983.332
2017/3/7,3990.457
2017/3/8,3981.454
2017/3/9,3953.256
2017/3/10,3955.584
2017/3/13,3991.018
2017/3/14,3987.246
2017/3/15,3991.518
2017/3/16,4016.46
2017/3/17,3976.554
2017/3/20,3982.398
2017/3/21,3999.172
2017/3/22,3983.018
2017/3/23,3994.946
2017/3/24,4023.614
2017/3/27,4008.657
2017/3/28,3998.82
2017/3/29,3991.763
2017/3/30,3949.562
2017/3/31,3969.921
2017/4/5,4033.974
2017/4/6,4045.798
2017/4/7,4052.054
2017/4/10,4039.846
2017/4/11,4061.172
2017/4/12,4045.137
2017/4/13,4056.47
2017/4/14,4017.725
2017/4/17,3999.31
2017/4/18,3978.359
2017/4/19,3952.333
2017/4/20,3964.494
2017/4/21,3960.118
2017/4/24,3901.659
2017/4/25,3913.545
2017/4/26,3919.87
2017/4/27,3924.027
2017/4/28,3921.968
2017/5/2,3912.081
2017/5/3,3897.782
2017/5/4,3886.828
2017/5/5,3853.29
2017/5/8,3813.172
2017/5/9,3814.765
2017/5/10,3779.657
2017/5/11,3792.575
2017/5/12,3814.213
2017/5/15,3830.839
2017/5/16,3876.882
2017/5/17,3864.123
2017/5/18,3845.125
2017/5/19,3849.527
2017/5/22,3839.733
2017/5/23,3827.528
2017/5/24,3833.8
2017/5/25,3893.018
2017/5/26,3886.25
2017/5/31,3893.979
2017/6/1,3877.012
2017/6/2,3879.37
2017/6/5,3872.925
2017/6/6,3897.166
2017/6/7,3951.131
2017/6/8,3973.799
2017/6/9,3987.982
2017/6/12,3974.275
2017/6/13,3994.893
2017/6/14,3954.484
2017/6/15,3959.348
2017/6/16,3949.746
2017/6/19,3986.111
2017/6/20,3982.079
2017/6/21,4017.616
2017/6/22,4003.681
2017/6/23,4033.255
2017/6/26,4088.448
2017/6/27,4094.074
2017/6/28,4066.061
2017/6/29,4090.031
2017/6/30,4092.301
2017/7/3,4086.677
2017/7/4,4056.134
2017/7/5,4096.865
2017/7/6,4098.621
2017/7/7,4099.756
2017/7/10,4094.354
2017/7/11,4093.844
2017/7/12,4084.912
2017/7/13,4110.711
2017/7/14,4119.847
2017/7/17,4041.352
2017/7/18,4055.721
2017/7/19,4128.538
2017/7/20,4150.546
2017/7/21,4139.94
2017/7/24,4159.515
2017/7/25,4137.724
2017/7/26,4125.017
2017/7/27,4137.404
2017/7/28,4151.036
2017/7/31,4179.181
2017/8/1,4203.288
2017/8/2,4189.192
2017/8/3,4164.421
2017/8/4,4141.278
2017/8/7,4171.253
2017/8/8,4175.677
2017/8/9,4181.446
2017/8/10,4159.856
2017/8/11,4080.88
2017/8/14,4143.359
2017/8/15,4156.622
2017/8/16,4153.63
2017/8/17,4178.379
2017/8/18,4177.739
2017/8/21,4201.261
2017/8/22,4205.236
2017/8/23,4198.455
2017/8/24,4172.99
2017/8/25,4234.839
2017/8/28,4287.143
2017/8/29,4277.513
2017/8/30,4285.698
2017/8/31,4278.987
2017/9/1,4296.168
2017/9/4,4315.387
2017/9/5,4325.933
2017/9/6,4326.326
2017/9/7,4301.564
2017/9/8,4301.316
2017/9/11,4314.993
2017/9/12,4323.863
2017/9/13,4335.098
2017/9/14,4322.641
2017/9/15,4314.447
2017/9/18,4332.77
2017/9/19,4317.694
2017/9/20,4336.456
2017/9/21,4317.857
2017/9/22,4310.382
2017/9/25,4279.106
2017/9/26,4287.228
2017/9/27,4299.11
2017/9/28,4297.351
2017/9/29,4315.171
2017/10/9,4365.922
2017/10/10,4377.112
2017/10/11,4380.229
2017/10/12,4387.141
2017/10/13,4403.018
2017/10/16,4380.155
2017/10/17,4378.692
2017/10/18,4394.596
2017/10/19,4372.703
2017/10/20,4382.119
2017/10/23,4392.952
2017/10/24,4414.202
2017/10/25,4436.662
2017/10/26,4454.515
2017/10/27,4469.792
2017/10/30,4437.886
2017/10/31,4444.429
2017/11/1,4434.947
2017/11/2,4422.77
2017/11/3,4408.472
2017/11/6,4446.766
2017/11/7,4481.219
2017/11/8,4477.992
2017/11/9,4509.672
2017/11/10,4544.232
2017/11/13,4562.813
2017/11/14,4529.164
2017/11/15,4494.235
2017/11/16,4523.326
2017/11/17,4499.754
2017/11/20,4531.466
2017/11/21,4595.31
2017/11/22,4600.134
2017/11/23,4468.695
2017/11/24,4470.803
2017/11/27,4411.611
2017/11/28,4435.732
2017/11/29,4437.588
2017/11/30,4388.998
2017/12/1,4392.379
2017/12/4,4402.281
2017/12/5,4392.326
2017/12/6,4380.072
2017/12/7,4337.07
2017/12/8,4375.652
2017/12/11,4444.324
2017/12/12,4391.405
2017/12/13,4427.064
2017/12/14,4408.991
2017/12/15,4363.529
2017/12/18,4360.485
2017/12/19,4410.313
2017/12/20,4396.812
2017/12/21,4434.174
2017/12/22,4424.302
2017/12/25,4403.173
2017/12/26,4419.308
2017/12/27,4360.287
2017/12/28,4388.371
2017/12/29,4406.623
2018/1/2,4467.279
2018/1/3,4496.988
2018/1/4,4516.451
2018/1/5,4524.414
2018/1/8,4547.028
2018/1/9,4570.445
2018/1/10,4578.028
2018/1/11,4579.931
2018/1/12,4590.675
2018/1/15,4563.863
2018/1/16,4599.496
2018/1/17,4584.916
2018/1/18,4607.283
2018/1/19,4615.887
2018/1/22,4671.096
2018/1/23,4709.563
2018/1/24,4722.698
2018/1/25,4700.552
2018/1/26,4713.8
2018/1/29,4636.23
2018/1/30,4599.872
2018/1/31,4592.859
2018/2/1,4530.8
2018/2/2,4554.947
2018/2/5,4556.071
2018/2/6,4400.68
2018/2/7,4322.661
2018/2/8,4301.865
2018/2/9,4124.523
2018/2/12,4191.081
2018/2/13,4234.792
2018/2/14,4263.36
2018/2/22,4354.886
2018/2/23,4373.747
2018/2/26,4436.337
2018/2/27,4384.879
2018/2/28,4358.817
2018/3/1,4391.648
2018/3/2,4359.073
2018/3/5,4361.829
2018/3/6,4415.985
2018/3/7,4380.933
2018/3/8,4422.278
2018/3/9,4461.452
2018/3/12,4493.048
2018/3/13,4455.986
2018/3/14,4429.548
2018/3/15,4446.238
2018/3/16,4407.943
2018/3/19,4423.707
2018/3/20,4430.171
2018/3/21,4408.508
2018/3/22,4370.517
2018/3/23,4219.333
2018/3/26,4220.583
2018/3/27,4271.892
2018/3/28,4203.645
2018/3/29,4256.415
2018/3/30,4274.796
2018/4/2,4266.802
2018/4/3,4235.573
2018/4/4,4221.65
2018/4/9,4221.566
2018/4/10,4288.463
2018/4/11,4301.702
2018/4/12,4263.163
2018/4/13,4236.533
2018/4/16,4183.591
2018/4/17,4112.54
2018/4/18,4141.536
2018/4/19,4184.573
2018/4/20,4120.53
2018/4/23,4114.403
2018/4/24,4201.28
2018/4/25,4189.773
2018/4/26,4110.125
2018/4/27,4113.648
2018/5/2,4118.057
2018/5/3,4151.955
2018/5/4,4136.878
2018/5/7,4205.252
2018/5/8,4245.314
2018/5/9,4237.292
2018/5/10,4256.676
2018/5/11,4231.263
2018/5/14,4256.245
2018/5/15,4277.995
2018/5/16,4249.746
2018/5/17,4220.927
2018/5/18,4256.333
2018/5/21,4285.252
2018/5/22,4276.967
2018/5/23,4220.713
2018/5/24,4194.723
2018/5/25,4172.229
2018/5/28,4180.828
2018/5/29,4146.914
2018/5/30,4053.61
2018/5/31,4130.606
2018/6/1,4092.14
2018/6/4,4121.594
2018/6/5,4169.776
2018/6/6,4162.463
2018/6/7,4150.644
2018/6/8,4096.489
2018/6/11,4090.065
2018/6/12,4138.442
2018/6/13,4092.234
2018/6/14,4076.437
2018/6/15,4041.541
2018/6/19,3871.985
2018/6/20,3893.913
2018/6/21,3839.613
2018/6/22,3865.428
2018/6/25,3819.77
2018/6/26,3802.362
2018/6/27,3734.853
2018/6/28,3695.978
2018/6/29,3796.492
2018/7/2,3698.573
2018/7/3,3710.25
2018/7/4,3659.538
2018/7/5,3617.056
2018/7/6,3637.977
2018/7/9,3734.438
2018/7/10,3746.466
2018/7/11,3679.56
2018/7/12,3763.989
2018/7/13,3779.186
2018/7/16,3760.842
2018/7/17,3742.606
2018/7/18,3720.767
2018/7/19,3710.107
2018/7/20,3774.083
2018/7/23,3807.778
2018/7/24,3869.645
2018/7/25,3867.171
2018/7/26,3827.114
2018/7/27,3810.534
2018/7/30,3793.874
2018/7/31,3796.612
2018/8/1,3724.468
2018/8/2,3642.592
2018/8/3,3585.39
2018/8/6,3532.307
2018/8/7,3633.776
2018/8/8,3575.81
2018/8/9,3665.733
2018/8/10,3676.49
2018/8/13,3669.097
2018/8/14,3651.798
2018/8/15,3567.047
2018/8/16,3546.597
2018/8/17,3492.868
2018/8/20,3528.773
2018/8/21,3587.736
2018/8/22,3562.576
2018/8/23,3577.213
2018/8/24,3579.449
2018/8/27,3664.937
2018/8/28,3662.317
2018/8/29,3645.424
2018/8/30,3603.036
2018/8/31,3580.066
2018/9/3,3574.161
2018/9/4,3617.633
2018/9/5,3550.618
2018/9/6,3518.08
2018/9/7,3529.765
2018/9/10,3475.374
2018/9/11,3470.265
2018/9/12,3450.65
2018/9/13,3483.614
2018/9/14,3478.785
2018/9/17,3436.328
2018/9/18,3503.398
2018/9/19,3548.022
2018/9/20,3545.49
2018/9/21,3639.92
2018/9/25,3612.738
2018/9/26,3647.293
2018/9/27,3625.258
2018/9/28,3662.113
2018/10/8,3514.067
2018/10/9,3510.165
2018/10/10,3503.503
2018/10/11,3317.116
2018/10/12,3349.56
2018/10/15,3299.303
2018/10/16,3260.536
2018/10/17,3280.676
2018/10/18,3199.874
2018/10/19,3293.232
2018/10/22,3440.301
2018/10/23,3355.4
2018/10/24,3357.803
2018/10/25,3360.739
2018/10/26,3343.894
2018/10/29,3252.452
2018/10/30,3287.158
2018/10/31,3334.859
2018/11/1,3358.489
2018/11/2,3475.577
2018/11/5,3453.877
2018/11/6,3437.42
2018/11/7,3416.019
2018/11/8,3402.639
2018/11/9,3363.387
2018/11/12,3414.531
2018/11/13,3455.569
2018/11/14,3425.985
2018/11/15,3469.857
2018/11/16,3489.413
2018/11/19,3521.476
2018/11/20,3435.436
2018/11/21,3445.126
2018/11/22,3434.734
2018/11/23,3345.069
2018/11/26,3341.931
2018/11/27,3342.36
2018/11/28,3386.03
2018/11/29,3335.061
2018/11/30,3369.102
2018/12/3,3465.878
2018/12/4,3475.187
2018/12/5,3456.354
2018/12/6,3382.653
2018/12/7,3382.542
2018/12/10,3343.302
2018/12/11,3362.106
2018/12/12,3370.449
2018/12/13,3419.317
2018/12/14,3356.408
2018/12/17,3351.41
2018/12/18,3320.675
2018/12/19,3279.589
2018/12/20,3262.716
2018/12/21,3226.779
2018/12/24,3241.984
2018/12/25,3215.979
2018/12/26,3200.518
2018/12/27,3182.458
2018/12/28,3199.937
2019/1/2,3160.116
2019/1/3,3152.772
2019/1/4,3228.22
2019/1/7,3257.48
2019/1/8,3250.113
2019/1/9,3277.023
2019/1/10,3271.075
2019/1/11,3295.008
2019/1/14,3268.002
2019/1/15,3327.794
2019/1/16,3326.374
2019/1/17,3306.326
2019/1/18,3360.225
2019/1/21,3379.092
2019/1/22,3332.847
2019/1/23,3332.409
2019/1/24,3350.869
2019/1/25,3367.871
2019/1/28,3365.223
2019/1/29,3363.566
2019/1/30,3335.102
2019/1/31,3355.238
2019/2/1,3414.021
2019/2/11,3481.806
2019/2/12,3507.836
2019/2/13,3575.105
2019/2/14,3582.903
2019/2/15,3526.358
2019/2/18,3642.005
2019/2/19,3638.237
2019/2/20,3648.216
2019/2/21,3639.213
2019/2/22,3723.539
2019/2/25,3941.818
2019/2/26,3904.688
2019/2/27,3895.766
2019/2/28,3889.886
2019/3/1,3962.365
2019/3/4,4015.057
2019/3/5,4058.233
2019/3/6,4101.708
2019/3/7,4082.909
2019/3/8,3921.477
2019/3/11,4018.996
2019/3/12,4057.072
2019/3/13,4008.485
2019/3/14,3964.242
2019/3/15,4012.96
2019/3/18,4125.369
2019/3/19,4114.969
2019/3/20,4114.966
2019/3/21,4129.869
2019/3/22,4133.472
2019/3/25,4046.746
2019/3/26,3983.777
2019/3/27,4028.222
2019/3/28,4001.661
2019/3/29,4150.603
2019/4/1,4271.539
2019/4/2,4272.716
2019/4/3,4324.932
2019/4/4,4363.803
2019/4/8,4355.316
2019/4/9,4371.905
2019/4/10,4378.928
2019/4/11,4284.852
2019/4/12,4275.252
2019/4/15,4253.829
2019/4/16,4365.127
2019/4/17,4372.023
2019/4/18,4353.748
2019/4/19,4399.331
2019/4/22,4306.637
2019/4/23,4283.611
2019/4/24,4302.163
2019/4/25,4189.862
2019/4/26,4138.185
2019/4/29,4120.525
2019/4/30,4138.712
2019/5/6,3880.402
2019/5/7,3921.46
2019/5/8,3873.855
2019/5/9,3808.267
2019/5/10,3946.286
2019/5/13,3885.721
2019/5/14,3859.236
2019/5/15,3945.864
2019/5/16,3965.37
2019/5/17,3857.848
2019/5/20,3829.38
2019/5/21,3884.893
2019/5/22,3864.651
2019/5/23,3792.715
2019/5/24,3794.908
2019/5/27,3852.34
2019/5/28,3879.16
2019/5/29,3872.698
2019/5/30,3848.73
2019/5/31,3836.876
2019/6/3,3827.819
2019/6/4,3789.935
2019/6/5,3786.679
2019/6/6,3741.001
2019/6/10,3786.739
2019/6/11,3906.932
2019/6/12,3877.173
2019/6/13,3875.223
2019/6/14,3835.357
2019/6/17,3836.703
2019/6/18,3845.846
2019/6/19,3896.241
2019/6/20,4004.491
2019/6/21,4021.509
2019/6/24,4027.919
2019/6/25,3986.602
2019/6/26,3978.661
2019/6/27,4019.578
2019/6/28,4001.337
2019/7/1,4117.987
2019/7/2,4116.052
2019/7/3,4072.847
2019/7/4,4053.521
2019/7/5,4072.951
2019/7/8,3967.93
2019/7/9,3962.273
2019/7/10,3949.971
2019/7/11,3948.888
2019/7/12,3970.927
2019/7/15,3995.422
2019/7/16,3982.834
2019/7/17,3980.506
2019/7/18,3935.356
2019/7/19,3973.568
2019/7/22,3933.129
2019/7/23,3948.719
2019/7/24,3981.989
2019/7/25,4010.51
2019/7/26,4017.74
2019/7/29,4014.095
2019/7/30,4031.856
2019/7/31,4000.148
2019/8/1,3968.417
2019/8/2,3912.086
2019/8/5,3843.685
2019/8/6,3792.908
2019/8/7,3776.39
2019/8/8,3820.323
2019/8/9,3781.114
2019/8/12,3849.67
2019/8/13,3817.926
2019/8/14,3836.084
2019/8/15,3849.681
2019/8/16,3865.973
2019/8/19,3959.387
2019/8/20,3956.236
2019/8/21,3953.382
2019/8/22,3963.766
2019/8/23,3985.643
2019/8/26,3935.521
2019/8/27,3991.683
2019/8/28,3978.689
2019/8/29,3969.913
2019/8/30,3968.358
2019/9/2,4030.512
2019/9/3,4041.574
2019/9/4,4076.817
2019/9/5,4116.852
2019/9/6,4138.48
2019/9/9,4178.738
2019/9/10,4164.341
2019/9/11,4135.688
2019/9/12,4174.315
2019/9/16,4164.059
2019/9/17,4089.972
2019/9/18,4105.172
2019/9/19,4126.237
2019/9/20,4137.688
2019/9/23,4095.427
2019/9/24,4105.517
2019/9/25,4063.626
2019/9/26,4017.553
2019/9/27,4033.492
2019/9/30,3990.689
2019/10/8,4009.371
2019/10/9,4021.65
2019/10/10,4058.822
2019/10/11,4090.229
2019/10/14,4137.814
2019/10/15,4110.889
2019/10/16,4095.733
2019/10/17,4096.146
2019/10/18,4038.538
2019/10/21,4045.659
2019/10/22,4068.055
2019/10/23,4040.928
2019/10/24,4038.893
2019/10/25,4066.696
2019/10/28,4107.62
2019/10/29,4079.941
2019/10/30,4053.369
2019/10/31,4043.996
2019/11/1,4105.042
2019/11/4,4130.473
2019/11/5,4157.348
2019/11/6,4133.387
2019/11/7,4145.131
2019/11/8,4126.472
2019/11/11,4049.13
2019/11/12,4050.736
2019/11/13,4046.616
2019/11/14,4058.27
2019/11/15,4026.955
2019/11/18,4056.191
2019/11/19,4103.191
2019/11/20,4066.373
2019/11/21,4051.657
2019/11/22,4012.062
2019/11/25,4034.136
2019/11/26,4041.209
2019/11/27,4032.591
2019/11/28,4019.089
2019/11/29,3993.272
2019/12/2,4001.174
2019/12/3,4017.195
2019/12/4,4015.08
2019/12/5,4047.638
2019/12/6,4074.214
2019/12/9,4071.347
2019/12/10,4079.949
2019/12/11,4077.696
2019/12/12,4065.412
2019/12/13,4138.885
2019/12/16,4172.096
2019/12/17,4228.809
2019/12/18,4221.448
2019/12/19,4218.24
2019/12/20,4199.346
2019/12/23,4140.055
2019/12/24,4175.636
2019/12/25,4178.024
2019/12/26,4212.947
2019/12/27,4202.093
2019/12/30,4261.667
2019/12/31,4278.533
2020/1/2,4341.85
2020/1/3,4338.848
2020/1/6,4336.817
2020/1/7,4373.987
2020/1/8,4321.164
2020/1/9,4376.843
2020/1/10,4372.559
2020/1/13,4420.367
2020/1/14,4405.801
2020/1/15,4384.99
2020/1/16,4370.446
2020/1/17,4371.673
2020/1/20,4411.291
2020/1/21,4342.069
2020/1/22,4366.055
2020/1/23,4225.943
2020/2/3,3884.596
2020/2/4,3978.567
2020/2/5,4037.325
2020/2/6,4124.733
2020/2/7,4133.33
2020/2/10,4158.031
2020/2/11,4181.813
2020/2/12,4226.315
2020/2/13,4197.704
2020/2/14,4221.385
2020/2/17,4326.318
2020/2/18,4323.285
2020/2/19,4307.234
2020/2/20,4401.522
2020/2/21,4420.303
2020/2/24,4422.774
2020/2/25,4421.851
2020/2/26,4351.575
2020/2/27,4363.013
2020/2/28,4189.313
2020/3/2,4332.112
2020/3/3,4359.735
2020/3/4,4379.848
2020/3/5,4469.165
2020/3/6,4407.664
2020/3/9,4249.148
2020/3/10,4346.123
2020/3/11,4286.367
2020/3/12,4206.186
2020/3/13,4154.842
2020/3/16,3971.876
2020/3/17,3959.723
2020/3/18,3883.388
2020/3/19,3853.221
2020/3/20,3916.15
2020/3/23,3775.755
2020/3/24,3870
2020/3/25,3970.987
2020/3/26,3941.603
2020/3/27,3945.627
2020/3/30,3895.815
2020/3/31,3908.102
2020/4/1,3894.991
2020/4/2,3967.025
2020/4/3,3942.306
2020/4/7,4040.711
2020/4/8,4027.544
2020/4/9,4047.244
2020/4/10,4006.444
2020/4/13,3986.178
2020/4/14,4066.905
2020/4/15,4040.51
2020/4/16,4053.807
2020/4/17,4083.646
2020/4/20,4106.985
2020/4/21,4063.51
2020/4/22,4096.904
2020/4/23,4083.48
2020/4/24,4041.125
2020/4/27,4060.162
2020/4/28,4073.868
2020/4/29,4087.914
2020/4/30,4148.689
2020/5/6,4186.339
2020/5/7,4176.218
2020/5/8,4219.008
2020/5/11,4214.049
2020/5/12,4217.232
2020/5/13,4228.209
2020/5/14,4184.449
2020/5/15,4178.584
2020/5/18,4181.016
2020/5/19,4220.883
2020/5/20,4192.92
2020/5/21,4163.607
2020/5/22,4073.246
2020/5/25,4075.197
2020/5/26,4129.776
2020/5/27,4098.368
2020/5/28,4105.54
2020/5/29,4122.524
2020/6/1,4237.067
2020/6/2,4246.222
2020/6/3,4247.417
2020/6/4,4247.108
2020/6/5,4263.967
2020/6/8,4278.51
2020/6/9,4305.244
2020/6/10,4300.347
2020/6/11,4260.4
2020/6/12,4266.594
2020/6/15,4227.85
2020/6/16,4295.398
2020/6/17,4305.393
2020/6/18,4326.695
2020/6/19,4380.231
2020/6/22,4382.319
2020/6/23,4401.996
2020/6/24,4412.909
2020/6/29,4384.398
2020/6/30,4447.165
2020/7/1,4517.691
2020/7/2,4605.955
2020/7/3,4687.521
2020/7/6,4935.326
2020/7/7,4972.951
2020/7/8,5063.156
2020/7/9,5146.613
2020/7/10,5073.064
2020/7/13,5195.267
2020/7/14,5140.819
2020/7/15,5059.012
2020/7/16,4815.761
2020/7/17,4843.22
2020/7/20,4986.396
2020/7/21,5001.9
2020/7/22,5031.505
2020/7/23,5029.779
2020/7/24,4800.404
2020/7/27,4821.523
2020/7/28,4864.957
2020/7/29,4986.004
2020/7/30,4964.115
2020/7/31,5008.197
2020/8/3,5099.615
2020/8/4,5095.259
2020/8/5,5110.507
2020/8/6,5098.525
2020/8/7,5039.166
2020/8/10,5059.634
2020/8/11,5001.567
2020/8/12,4960.506
2020/8/13,4955.514
2020/8/14,5024.18
2020/8/17,5135.725
2020/8/18,5142.22
2020/8/19,5061.156
2020/8/20,4998.123
2020/8/21,5039.427
2020/8/24,5077.609
2020/8/25,5075.619
2020/8/26,5006.92
2020/8/27,5037.139
2020/8/28,5148.929
2020/8/31,5122.133
2020/9/1,5150.849
2020/9/2,5153.605
2020/9/3,5121.669
2020/9/4,5075.829
2020/9/7,4968.547
2020/9/8,4997.359
2020/9/9,4876.075
2020/9/10,4852.496
2020/9/11,4903.263
2020/9/14,4929.744
2020/9/15,4966.682
2020/9/16,4935.292
2020/9/17,4918.026
2020/9/18,5021.077
2020/9/21,4980.025
2020/9/22,4918.887
2020/9/23,4938.48
2020/9/24,4839.044
2020/9/25,4843.153
2020/9/28,4841.626
2020/9/29,4859.074
2020/9/30,4848.68
2020/10/9,4955.133
2020/10/12,5103.629
2020/10/13,5118.422
2020/10/14,5084.553
2020/10/15,5068.702
2020/10/16,5057.11
2020/10/19,5014.791
2020/10/20,5057.492
2020/10/21,5043.15
2020/10/22,5025.033
2020/10/23,4957.69
2020/10/26,4936.055
2020/10/27,4943.82
2020/10/28,4978.94
2020/10/29,5009.257
2020/10/30,4919.879
2020/11/2,4946.303
2020/11/3,5010.436
2020/11/4,5037.937
2020/11/5,5117.501
2020/11/6,5108.395
2020/11/9,5207.83
2020/11/10,5176.622
2020/11/11,5122.517
2020/11/12,5129.324
2020/11/13,5086.344
2020/11/16,5139.486
2020/11/17,5122.421
2020/11/18,5120.695
2020/11/19,5153.511
2020/11/20,5177.586
2020/11/23,5236.517
2020/11/24,5212.31
2020/11/25,5137.715
2020/11/26,5141.796
2020/11/27,5194.09
2020/11/30,5171.843
2020/12/1,5277.471
2020/12/2,5279.093
2020/12/3,5272.133
2020/12/4,5283.748
2020/12/7,5241.162
2020/12/8,5231.066
2020/12/9,5155.18
2020/12/10,5155.878
2020/12/11,5094.129
2020/12/14,5139.749
2020/12/15,5149.221
2020/12/16,5150.557
2020/12/17,5215.447
2020/12/18,5198.196
2020/12/21,5255.932
2020/12/22,5162.065
2020/12/23,5206.897
2020/12/24,5181.868
2020/12/25,5229.387
2020/12/28,5240.932
2020/12/29,5215.279
2020/12/30,5285.147
2020/12/31,5381.888
